time_of_day,download_time_in_s,upload_time_in_s,download_time_from_germany_in_s,download_time_from_switzerland_in_s,ping0_in_ms,ping1_in_ms,ping2_in_ms,ping3_in_ms,ping4_in_ms,ping5_in_ms,ping6_in_ms,ping7_in_ms,ping8_in_ms,ping9_in_ms
78,17.608,22.466,14.427,63.315,1.983,1.162,1.241,2.01,1.251,1.253,2.001,1.262,1.268,1.691
252,21.468,42.127,8.344,63.148,0.945,1.233,1.445,1.567,1.773,1.228,1.24,8.508,4.092,7.565
413,18.958,22.718,7.778,72.772,0.993,1.082,1.28,1.265,2.349,1.256,1.256,1.329,1.289,1.27
580,17.879,18.221,13.611,77.513,1.219,1.207,1.265,1.222,2.698,1.264,1.216,1.278,1.235,1.216
758,17.798,18.895,10.488,92.33500000000001,15.31,1.235,1.239,1.12,1.197,1.267,1.274,1.573,1.338,2.259
928,17.742,18.297,9.528,85.245,0.955,1.234,1.208,1.234,1.241,1.245,1.224,1.203,1.178,1.524
1087,18.146,24.691,8.208,68.549,0.952,1.385,1.245,1.563,1.689,2.066,1.219,1.221,1.422,1.572
1248,17.754,19.158,6.797,76.149,38.309,1.136,1.135,1.246,1.258,1.251,1.534,1.233,1.445,-1
1427,17.953,34.099,11.46,76.746,8.914,5.755,5.951,4.319,6.578,7.465,4.759,4.896,5.418,4.049
1604,17.691,38.99,10.711,69.091,0.982,1.236,1.262,8.282,8.76,8.767,8.878,6.203,6.8,-1
1763,17.811,17.911,11.239,72.646,2.512,1.258,1.259,1.243,1.732,1.25,1.259,1.279,1.257,1.265
1922,17.569,17.982,12.761,71.395,0.948,2.906,1.323,1.237,1.147,1.225,1.533,1.238,1.106,1.215
2079,17.677,19.067,15.401,65.913,1.045,1.313,1.451,2.213,1.658,1.271,1.28,1.227,1.53,1.243
2232,17.563,18.817,12.95,65.061,1.02,1.249,1.263,1.237,1.243,1.256,1.204,1.234,1.161,1.228
2407,18.171,29.057,17.694,70.49,8.963,8.542,8.777,9.303,7.085,6.462,5.91,16.674,41.067,40.505
2579,18.625,32.583,8.984,73.037,0.968,1.254,1.631,1.233,1.263,1.214,1.224,1.279,1.254,1.208
2735,17.736,18.259,6.776,73.82300000000001,2.601,1.117,1.205,1.217,1.238,1.232,1.231,1.254,1.266,1.262
2888,17.697,19.531,8.881,68.218,0.968,1.235,1.621,1.54,1.933,1.66,1.262,1.276,1.21,2.524
3050,17.629,18.842,9.822,76.52199999999999,38.219,40.507,42.318,37.419,38.01,1.254,1.251,1.243,1.219,1.792
3219,18.727,27.749,7.243,76.545,1.006,1.289,1.266,1.232,1.306,1.24,1.432,1.278,1.276,1.256
3379,17.628,18.563,11.787,73.209,2.423,1.424,1.245,1.232,1.286,1.829,1.835,1.243,1.265,1.35
3527,17.41,21.299,7.447,62.679,0.97,1.284,1.263,1.276,1.112,1.249,1.252,1.293,1.249,1.259
3706,17.838,19.733,6.701,95.616,48.248,37.979,40.411,40.36,42.808,37.177,40.228,1.261,1.23,1.282
3912,17.9,19.155,7.25,122.659,42.366,43.254,39.659,35.535,38.881,41.015,38.159,41.352,36.581,50.009
4066,17.725,19.176,6.856,70.884,3.521,1.241,1.261,1.777,1.253,1.232,1.229,1.234,1.219,1.168
4220,18.487,18.525,7.375,71.258,45.045,40.115,37.006,40.838,44.003,39.093,41.446,1.251,1.231,1.237
4379,18.533,18.477,7.013,75.13,2.164,1.604,1.262,1.267,1.282,1.279,1.277,1.255,1.165,1.205
4582,17.654,18.821,12.904,114.661,2.237,1.288,6.916,1.221,1.209,1.214,1.242,1.214,1.218,1.249
4733,18.308,17.734,7.576,69.087,3.329,1.286,1.277,1.274,1.267,1.203,1.584,1.284,1.274,1.253
4889,17.678,18.653,7.021,71.417,0.968,1.209,1.251,1.274,1.259,1.273,1.185,1.232,3.351,-1
5056,18.027,19.189,8.175,82.68299999999999,2.348,1.63,1.35,1.237,1.225,1.258,1.16,1.43,1.255,1.215
5218,17.676,18.825,8.098,78.5,1.697,3.008,1.784,1.549,1.432,1.277,2.008,2.034,1.661,1.252
5386,17.527,19.411,12.73,78.816,0.977,1.202,1.553,1.221,2.482,1.635,1.278,1.557,1.25,1.252
5535,18.571,18.856,7.446,65.26,0.987,3.529,1.909,1.471,1.483,1.259,1.259,1.204,1.244,1.238
5691,17.959,22.826,6.55,69.256,41.781,37.747,38.87,41.677,36.914,38.948,40.052,41.378,37.419,40.734
5880,29.772,32.809,6.64,78.982,1.004,2.678,1.255,1.262,1.22,1.289,1.142,1.249,1.263,-1
6046,18.148,17.785,8.266,82.748,1.09,1.285,1.257,1.274,2.035,1.036,1.309,1.296,1.328,1.271
6218,17.931,18.327,8.074,88.899,4.693,1.251,1.22,1.223,1.796,1.239,1.23,1.026,1.228,1.228
6373,17.672,19.264,11.001,67.379,2.901,1.24,1.226,1.318,1.331,1.247,1.258,1.236,1.868,1.216
6519,18.118,18.984,6.632,63.212,0.953,4.003,1.308,1.227,2.479,4.727,1.264,1.134,1.89,2.105
6672,18.824,18.92,6.784,69.516,39.88,39.704,40.764,43.179,37.681,38.727,42.891,37.144,39.04,1.19
6840,17.88,32.629,7.5,69.729,8.419,2.903,7.634,4.288,5.034,8.073,11.848,7.371,9.693,-1
7010,17.776,39.979,7.508,65.006,1.963,1.424,1.234,6.548,6.8,7.626,6.969,9.3,6.503,9.162
7185,17.994,41.181,7.109,69.981,0.969,1.23,1.37,1.231,4.707,4.624,6.0,6.997,5.715,6.633
7353,25.226,30.881,6.735,66.128,1.006,1.257,1.273,1.267,1.289,1.107,1.263,1.265,1.251,1.279
7509,18.877,17.789,8.496,71.68,0.99,1.265,1.282,1.663,1.27,1.269,1.278,1.253,1.298,1.252
7670,17.543,18.309,6.789,79.882,0.985,1.26,1.257,1.227,1.153,1.316,1.275,1.27,2.026,1.268
7821,17.607,18.117,7.706,68.582,1.648,1.233,1.18,1.035,2.366,1.235,1.296,15.229,1.253,1.233
7971,17.984,19.369,9.36,64.124,1.662,2.763,1.864,1.384,1.228,1.2,2.127,1.287,1.253,1.251
8121,17.579,19.296,9.008,64.354,1.008,1.587,1.237,2.307,1.218,1.234,1.246,1.492,1.22,1.25
8279,17.609,19.718,11.03,69.425,0.933,2.795,2.055,1.194,1.223,1.653,1.355,1.249,1.277,-1
8440,17.868,19.79,8.251,75.997,2.72,1.717,1.192,1.58,1.596,1.47,1.231,1.297,1.201,1.224
8587,17.915,19.282,7.545,63.37,37.942,1.472,1.22,1.247,1.223,1.214,1.429,1.385,1.249,1.263
8760,17.478,31.0,8.354,76.77199999999999,8.326,9.612,8.071,8.706,9.037,7.906,3.938,5.724,4.716,1.247
8934,17.852,31.321,9.621,76.259,11.105,8.147,8.868,8.916,6.983,9.441,8.164,7.45,1.213,38.619
9096,18.162,19.345,9.531,75.261,0.986,1.231,1.226,1.217,1.221,1.19,1.554,1.409,1.591,1.538
9251,18.555,19.037,7.371,69.147,4.581,1.235,1.206,2.065,1.231,1.406,1.228,1.635,1.259,-1
9399,17.492,19.273,9.681,62.856,41.053,36.171,37.678,38.859,39.229,39.279,47.888,1.587,1.237,1.227
9559,18.153,25.933,7.369,69.765,6.908,1.272,33.576,41.592,34.962,36.547,43.916,38.741,40.646,37.797
9719,18.71,30.772,8.543,62.469,27.139,38.202,45.563,41.436,41.699,36.796,38.714,38.691,39.964,40.804
9872,17.635,23.371,9.403,63.188,42.814,39.161,39.831,36.615,37.878,39.623,45.979,41.178,43.565,39.354
10040,25.729,32.191,6.967,64.071,1.032,1.277,1.256,1.302,1.382,1.257,1.196,1.382,1.306,1.246
10191,17.683,17.768,9.704,65.033,1.028,1.272,1.247,1.263,1.279,1.244,1.848,1.279,-1,-1
10345,17.8,18.213,8.087,70.659,0.997,1.246,3.066,1.365,1.14,1.563,1.277,1.434,2.13,2.038
10494,17.914,19.221,8.381,64.822,0.981,1.236,1.443,1.228,1.228,1.086,1.24,1.439,2.304,1.212
10644,18.71,19.235,7.075,63.903999999999996,0.949,1.247,1.222,1.303,1.192,1.619,1.263,1.189,1.266,-1
10792,17.575,19.004,8.509,64.108,1.006,1.633,1.25,1.207,1.987,1.374,1.224,1.24,1.216,2.681
10944,18.149,20.511,9.895,62.546,1.296,1.224,1.257,1.242,1.208,1.245,1.252,1.332,1.235,-1
11109,17.584,18.928,20.312,69.19200000000001,42.63,37.766,31.163,37.903,39.914,41.579,1.208,1.258,1.19,1.435
11272,17.695,19.01,6.706,80.289,52.217,38.839,39.562,39.446,41.598,1.234,1.331,1.218,1.223,1.252
11424,18.093,18.684,6.996,69.512,2.318,1.175,1.148,1.266,1.566,1.251,1.161,1.562,1.257,1.239
11576,17.647,24.524,6.766,63.672,42.442,36.83,38.627,39.94,40.617,38.202,39.123,40.142,47.021,42.532
11752,32.239,34.134,7.448,62.995,0.971,1.267,1.466,1.25,1.256,1.245,1.207,1.23,1.127,1.228
11899,17.622,17.64,7.497,64.993,2.64,1.617,1.342,1.232,1.242,1.226,1.159,1.272,1.211,1.244
12053,17.837,18.473,6.749,70.509,1.252,1.226,1.285,1.169,1.138,1.344,1.291,1.359,1.216,-1
12222,18.093,19.069,7.765,84.729,0.998,2.161,1.571,1.739,1.057,1.232,1.257,1.134,1.238,1.28
12378,18.305,18.711,7.119,72.83,0.93,1.933,1.244,1.241,1.07,1.214,1.079,1.374,1.263,1.665
12532,18.171,19.655,7.332,69.591,0.996,1.25,1.226,1.377,1.227,2.78,1.685,1.356,1.234,2.586
12689,18.299,19.536,11.188,69.819,2.56,2.651,1.222,1.225,1.258,1.856,1.144,1.232,1.211,1.224
12836,18.07,18.951,8.137,62.445,0.958,1.154,1.424,2.015,1.247,1.237,1.381,1.049,1.231,1.294
13005,18.54,22.214,13.337,76.056,0.96,1.261,1.226,1.87,1.246,2.12,1.479,1.231,1.252,1.671
13151,18.433,18.784,6.727,62.519,1.023,1.224,1.204,2.204,1.21,1.273,1.406,1.951,1.243,3.077
13301,17.715,19.33,9.894,63.909,41.042,38.094,43.967,38.067,40.216,41.059,41.159,38.192,37.732,40.563
13457,17.914,30.016,6.63,63.103,8.203,8.135,7.936,6.839,6.941,6.614,7.338,7.6,25.276,36.986
13625,18.161,37.102,6.648,64.154,0.958,7.429,9.227,8.84,8.56,4.664,5.876,5.753,6.99,-1
13794,17.694,34.908,6.658,71.156,9.627,4.373,5.566,5.832,5.61,6.508,6.157,7.233,9.727,12.76
13955,17.452,24.668,8.206,71.786,38.558,39.527,31.837,32.959,39.657,41.296,36.47,41.387,37.172,39.317
14109,18.448,18.996,6.773,70.527,45.16,35.798,41.313,42.32,38.667,38.777,40.506,42.338,37.723,39.264
14272,17.791,28.718,7.873,69.754,9.09,5.631,5.268,7.693,8.558,15.486,38.628,40.768,40.19,47.937
14434,17.985,28.316,7.586,69.152,4.982,5.908,7.573,8.003,8.743,33.339,46.518,40.354,35.498,37.174
14614,17.972,35.445,7.199,79.874,8.95,9.446,9.132,5.701,8.763,5.921,6.89,6.473,7.864,6.354
14766,18.235,23.06,7.683,63.7,22.108,40.008,41.167,41.202,43.853,38.07,35.718,37.33,37.756,39.915
14930,17.988,30.906,7.656,69.05199999999999,5.524,7.168,7.274,6.456,10.15,8.405,7.975,8.464,1.122,34.428
15093,17.454,26.473,10.004,69.319,7.485,4.612,20.58,38.324,38.441,39.361,38.479,39.895,35.485,37.766
15255,17.88,27.597,8.739,69.022,36.193,42.612,39.398,35.534,37.533,40.114,40.884,41.73,37.689,39.063
15416,18.596,24.424,10.222,69.039,37.397,38.394,41.006,41.476,36.99,38.873,40.831,1.619,1.235,1.256
15576,18.17,18.845,7.494,75.972,40.653,41.193,36.11,37.121,38.471,40.702,39.703,36.369,38.253,0.999
15730,18.276,18.956,7.094,69.094,45.146,40.404,36.991,36.582,38.191,39.167,40.795,43.208,1.272,-1
15894,17.797,24.087,7.486,75.923,41.745,36.868,38.136,38.973,41.078,41.527,36.688,94.913,39.338,40.997
16044,17.837,19.352,9.632,63.568,36.714,37.824,28.366,35.558,42.51,41.312,43.144,1.242,1.232,1.225
16198,17.806,19.45,7.892,69.584,41.532,40.398,35.802,37.202,39.468,40.698,1.227,1.222,1.252,1.406
16351,17.857,19.372,7.723,69.004,36.447,39.862,40.604,41.901,37.833,38.835,41.329,1.203,1.219,2.052
16510,17.804,25.388,8.275,69.286,37.514,37.154,38.787,41.428,41.006,41.671,38.226,39.726,40.677,42.092
16665,17.868,19.229,6.832,69.283,0.95,1.43,1.206,1.219,1.254,1.238,2.003,2.138,1.966,-1
16812,17.782,19.766,7.5,63.246,39.783,39.447,46.032,37.447,37.806,40.181,41.547,42.456,1.195,1.08
16959,18.316,19.386,7.389,62.868,42.083,42.67,39.112,40.53,37.5,40.417,38.417,38.441,40.836,44.421
17118,17.896,24.567,7.697,69.972,16.95,38.851,40.117,41.134,42.218,37.767,39.349,40.41,41.692,37.24
17278,18.065,31.388,8.086,63.047,5.445,4.91,5.577,5.84,7.69,8.009,8.113,9.149,9.819,11.247
17448,17.752,24.31,15.121,74.025,5.233,39.513,39.782,40.014,39.274,39.791,36.507,39.502,37.75,38.955
17598,18.247,18.892,10.73,62.934,39.589,42.851,39.143,39.156,27.221,41.112,40.884,36.36,1.219,1.229
17761,18.544,21.789,7.5,75.831,39.961,41.299,41.703,38.106,37.952,38.879,39.777,42.148,37.689,39.528
17919,17.921,30.599,7.503,63.109,11.992,9.131,9.832,4.978,4.514,38.86,39.88,39.532,41.156,36.098
18074,17.932,26.11,8.717,63.757,7.01,7.27,22.615,39.524,40.649,36.89,42.627,38.067,39.072,40.815
18237,17.861,28.082,8.027,69.075,9.03,8.183,5.201,6.959,10.042,41.02,46.883,37.193,36.803,42.16
18400,17.795,23.353,7.606,75.813,42.783,38.553,39.089,41.127,35.636,36.717,39.008,44.953,40.137,35.987
18547,17.969,19.285,7.437,62.900999999999996,39.238,39.185,43.123,38.078,43.974,39.848,40.614,1.514,1.263,1.246
18699,17.723,24.154,7.852,63.063,42.053,38.794,39.781,38.332,40.399,36.023,39.308,40.276,41.295,43.16
18855,17.72,20.287,10.194,69.125,40.337,40.556,36.365,42.929,39.348,39.497,41.851,42.547,37.708,38.164
19010,18.299,20.248,8.014,69.01,42.098,43.404,37.671,38.765,44.792,38.777,40.043,40.779,36.597,37.907
19156,17.746,19.254,7.381,62.976,38.758,39.953,42.559,41.135,41.7,1.255,1.274,1.259,1.233,1.232
19303,17.75,19.596,7.48,63.076,43.341,38.392,41.482,37.241,36.695,39.417,1.133,1.395,1.26,1.22
19461,17.41,18.869,10.673,69.742,36.276,39.268,40.387,41.318,43.415,38.062,40.771,35.598,1.295,-1
19611,17.556,23.675,6.918,62.82,46.795,37.401,39.453,41.758,50.588,36.951,40.83,39.203,36.768,38.206
19776,17.853,31.829,6.892,69.702,5.936,10.042,3.452,5.53,5.005,8.268,7.906,7.524,7.421,8.035
19937,17.825,26.307,8.702,69.531,5.81,5.895,32.322,38.877,39.721,40.876,43.233,38.638,40.87,36.751
20089,18.262,18.902,6.707,69.041,44.332,40.2,41.876,42.141,38.395,38.609,1.271,1.274,1.36,1.236
20249,17.46,26.052,8.118,69.305,0.976,35.032,41.654,37.294,38.64,39.247,41.732,32.071,39.423,41.012
20402,17.641,26.23,6.668,62.822,7.018,7.271,13.554,42.918,38.349,41.071,40.455,42.72,37.249,41.397
20556,17.823,25.224,8.227,63.979,0.952,35.604,40.403,37.072,38.108,39.388,41.388,40.803,36.41,37.567
20715,17.761,22.636,7.371,70.003,42.756,52.76,38.008,38.785,40.567,42.572,41.65,42.634,38.403,-1
20866,17.862,23.086,7.874,62.908,40.898,36.223,37.767,38.317,39.939,40.927,37.651,38.845,38.913,39.534
21025,17.686,25.979,7.538,69.291,7.118,22.114,39.948,37.402,37.763,39.309,41.324,38.536,37.614,43.902
21171,17.859,19.067,6.939,63.239,42.023,36.868,37.566,39.152,39.787,39.997,1.699,3.095,1.212,1.279
21323,17.646,24.018,7.653,62.84,37.819,37.992,39.153,41.173,41.137,37.54,38.051,39.172,38.057,38.798
21486,17.964,23.266,7.431,75.813,38.261,39.629,36.802,38.536,38.972,40.19,40.605,43.256,43.921,38.868
21647,18.145,19.088,8.349,75.71000000000001,38.931,41.842,37.903,38.699,1.246,1.236,1.288,1.343,1.288,1.141
21808,17.914,19.345,6.984,76.212,1.043,1.239,1.246,1.202,1.159,3.065,1.771,2.011,1.302,-1
21962,18.174,19.284,7.468,69.851,2.537,1.197,1.389,1.229,1.22,3.534,1.25,1.398,1.206,1.681
22115,17.611,19.207,12.104,65.421,38.254,40.095,35.971,43.292,41.302,1.095,1.226,1.234,1.53,1.259
22270,17.961,20.827,7.642,69.112,41.632,36.09,37.37,38.514,39.226,39.834,36.492,38.479,38.606,39.547
22423,17.462,20.544,6.828,69.708,39.07,36.829,41.375,43.035,38.437,40.111,36.353,41.836,37.266,38.749
22582,17.605,21.591,11.653,69.132,46.258,36.198,39.666,40.847,42.581,36.561,38.991,40.386,40.293,42.577
22735,17.662,18.962,7.517,69.001,49.385,40.08,1.264,1.231,1.237,1.236,1.234,1.308,1.409,1.249
22881,17.709,19.081,7.288,62.847,38.605,40.101,42.275,2.165,1.362,2.046,1.262,2.404,2.382,1.307
23034,17.466,18.526,7.005,69.074,40.883,36.176,37.39,38.443,40.763,43.729,39.294,40.363,42.49,-1
23199,17.555,25.392,7.421,75.621,5.472,9.556,38.305,39.751,36.408,36.858,39.326,40.031,41.706,38.533
23344,17.686,19.228,6.841,62.666,45.066,41.26,40.677,42.894,38.492,38.619,39.707,41.349,1.232,1.137
23493,17.437,20.313,6.786,63.04,42.375,37.604,42.107,38.238,39.919,41.251,41.693,37.603,39.614,-1
23664,17.721,29.661,7.849,76.551,7.484,11.035,5.268,6.696,9.338,8.486,8.28,2.109,41.099,41.325
23822,17.584,19.252,7.468,75.304,45.415,41.26,43.017,38.511,38.486,40.248,40.908,39.975,41.646,1.323
23975,17.699,19.634,7.808,69.031,39.734,41.735,43.492,39.122,39.238,1.233,1.204,2.054,1.262,1.238
24123,17.63,19.457,8.608,62.51,37.371,39.185,65.558,40.771,41.813,37.305,1.234,1.217,1.256,3.827
24278,17.526,22.712,6.738,69.724,41.3,42.904,35.68,43.449,1.21,1.232,1.268,1.252,1.225,1.037
24424,17.569,19.368,6.897,62.555,0.95,1.606,1.784,2.908,1.943,1.954,2.219,1.272,2.119,1.381
24589,17.451,23.444,12.457,72.521,39.115,39.127,39.6,41.401,42.76,37.806,38.051,43.02,38.574,41.463
24743,17.974,19.229,8.471,69.984,41.649,37.912,38.842,44.018,39.797,51.446,35.082,1.087,1.234,1.239
24908,18.153,18.907,12.0,74.389,38.964,39.152,2.79,1.155,1.27,1.231,1.688,1.169,1.216,-1
25062,17.736,19.033,7.427,69.264,0.943,1.249,1.334,1.14,1.511,1.269,1.757,1.448,2.005,-1
25208,17.389,19.499,7.618,62.554,36.976,1.175,1.232,1.888,1.41,1.247,1.254,3.935,1.225,1.251
25363,17.483,19.213,7.628,68.895,38.716,41.018,41.635,43.05,1.263,1.207,1.251,1.154,1.219,-1
25509,17.778,19.166,7.089,63.217,40.33,41.874,37.835,38.662,39.743,1.292,1.251,1.451,1.47,1.234
25670,17.581,25.53,7.665,69.278,7.966,8.019,7.329,14.351,41.125,37.163,38.267,41.892,43.442,-1
25819,17.585,19.508,7.731,63.039,40.771,38.464,42.339,37.309,40.217,1.249,1.226,1.233,2.669,-1
25977,17.464,19.413,8.006,73.888,39.179,39.966,40.938,1.546,1.247,1.291,1.243,1.231,2.45,4.045
26129,17.517,19.615,6.803,69.549,38.171,0.975,1.22,1.264,1.258,1.251,1.233,1.268,1.579,1.614
26287,17.591,19.098,8.772,72.738,42.857,39.804,39.626,40.325,1.229,1.236,1.159,1.263,1.23,1.513
26432,17.387,19.312,7.3,62.653999999999996,0.911,1.222,1.222,1.234,2.102,1.207,1.258,3.073,2.621,1.241
26586,17.476,18.927,6.811,71.77,41.193,39.971,38.295,40.433,37.411,38.482,39.014,39.386,1.241,1.193
26734,17.505,19.789,8.439,62.69,40.859,36.65,37.051,39.373,40.64,40.713,36.306,1.314,1.302,1.647
26893,17.453,20.683,6.849,75.603,41.94,38.965,40.013,37.342,39.396,41.107,42.93,39.782,39.418,37.898
27058,17.636,29.29,10.239,68.863,4.895,6.045,4.821,8.746,7.586,10.779,2.958,38.024,39.658,39.542
27213,17.433,28.078,7.766,62.719,4.957,6.723,7.308,5.398,7.789,13.639,26.517,28.487,40.124,40.227
27378,17.419,37.831,7.659,62.965,0.965,8.504,8.869,9.266,9.331,5.987,4.903,5.841,2.465,5.988
27558,33.64,35.261,8.683,63.124,0.954,1.26,1.278,1.259,1.265,1.227,1.516,1.251,1.282,1.263
27724,24.015,31.976,6.955,64.07300000000001,1.041,1.274,1.276,1.288,1.276,1.27,1.257,2.649,1.266,1.247
27870,17.452,17.749,6.71,65.19,3.134,3.054,1.197,1.47,1.267,1.299,1.198,1.259,1.268,1.27
28023,17.408,18.182,6.834,71.014,2.385,1.832,1.924,2.125,1.793,1.521,1.225,2.099,2.143,1.228
28176,17.46,19.31,6.852,70.882,1.027,1.247,1.244,1.258,1.294,1.109,1.556,1.119,1.199,1.262
28329,17.469,18.662,7.195,70.54599999999999,0.934,1.218,1.579,1.29,1.222,1.194,1.228,1.248,1.201,1.566
28490,17.478,19.122,7.669,77.282,0.967,1.208,1.242,1.23,1.207,1.665,2.504,1.529,1.251,1.316
28651,17.458,25.398,7.944,71.061,0.965,1.263,1.223,2.248,1.69,1.254,1.288,2.146,1.222,2.052
28804,17.503,19.197,14.209,63.846000000000004,12.22,1.313,1.397,1.472,1.221,1.271,1.239,1.218,1.238,1.139
28951,17.491,19.255,6.9,64.005,0.915,1.1,1.23,1.209,2.373,2.549,2.164,1.34,1.23,1.288
29102,17.521,19.334,7.766,67.008,0.939,2.681,2.135,1.942,1.249,2.346,2.593,1.217,1.303,1.486
29249,17.493,19.631,7.643,63.239,0.957,1.484,1.965,0.94,1.854,1.002,1.227,2.664,2.083,1.221
29397,17.436,18.523,8.169,62.578,0.929,1.224,1.603,2.763,1.818,1.239,2.607,2.086,2.449,-1
29549,17.467,18.055,6.752,69.114,1.247,1.199,1.226,1.226,1.27,1.24,1.256,1.231,1.238,-1
29713,17.529,29.608,8.071,69.453,5.164,6.404,7.735,8.989,8.823,9.747,5.282,28.657,35.682,43.461
29875,17.671,31.083,6.75,67.882,7.443,8.092,9.225,9.327,4.091,3.705,7.789,6.105,5.821,2.311
30044,17.453,32.605,6.541,72.985,6.758,7.549,8.345,10.386,4.696,4.141,5.105,7.438,9.248,2.695
30208,17.587,31.674,6.751,69.35,8.816,9.267,8.383,9.868,5.075,5.111,6.094,4.888,4.843,5.913
30361,17.558,23.334,10.118,62.951,38.272,38.783,40.846,42.172,37.252,80.797,39.717,36.069,42.03,37.77
30533,17.744,38.65,6.905,69.369,0.959,7.187,7.576,9.447,5.013,6.493,4.867,6.709,6.566,7.417
30700,17.503,29.89,7.756,72.839,6.148,6.785,7.546,5.978,7.589,7.702,20.875,1.197,35.213,42.796
30857,17.699,24.111,6.947,69.194,39.015,40.285,40.945,36.865,38.559,45.651,40.847,40.986,43.274,41.175
31011,17.584,20.528,6.753,69.861,39.795,41.533,42.192,44.414,40.28,37.607,39.631,37.857,45.373,40.094
31174,19.886,20.024,7.382,76.878,38.319,34.914,41.443,36.882,36.958,37.232,35.119,38.853,40.448,40.569
31332,20.451,23.554,7.017,67.657,38.726,39.618,40.012,43.256,40.424,40.367,41.225,37.081,39.229,38.439
31495,22.674,23.96,6.901,70.587,43.238,39.032,40.738,41.275,38.038,38.186,39.935,40.399,35.282,43.078
31666,24.602,30.166,6.898,70.145,6.256,9.593,8.037,8.174,3.992,5.677,6.172,6.137,16.976,41.949
31813,18.152,19.589,7.388,62.769,41.756,48.545,38.975,40.419,41.243,41.317,38.023,43.468,39.021,40.113
31983,17.434,30.094,6.761,76.785,4.798,6.081,7.432,8.983,6.016,6.12,7.962,11.533,40.055,40.291
32152,17.877,38.251,7.422,66.795,0.994,10.041,4.949,6.042,6.268,5.927,5.655,7.86,8.57,9.607
32319,17.806,31.358,6.93,69.423,5.258,6.639,7.863,7.303,9.49,6.973,8.427,8.783,5.374,-1
32495,18.646,34.183,8.228,76.521,10.049,6.83,5.932,6.503,8.012,7.985,7.936,4.941,5.412,4.358
32644,17.669,19.776,6.8,63.34,40.593,42.426,37.44,39.028,39.749,41.529,36.344,42.09,0.914,-1
32800,19.197,26.493,8.261,63.247,9.102,7.59,9.719,38.615,42.791,38.79,39.222,40.807,37.056,12.484
32957,18.44,27.601,7.914,63.599000000000004,8.947,5.416,9.051,26.823,43.321,38.057,40.462,42.244,37.897,39.62
33116,18.577,22.431,9.657,69.343,52.004,37.08,37.915,39.714,42.105,38.863,39.08,40.742,23.68,39.228
33270,17.447,19.059,8.263,70.705,42.248,43.453,38.191,39.375,41.235,30.573,37.718,1.295,1.311,1.335
33433,17.46,23.508,6.84,75.83500000000001,41.915,42.38,44.26,39.601,39.729,41.256,35.688,41.753,43.605,38.382
33580,17.478,19.085,8.178,62.722,37.224,39.342,39.368,41.82,36.391,39.757,1.116,1.286,1.291,1.278
33746,17.444,32.017,8.575,68.853,8.72,5.312,4.955,4.929,6.192,6.124,7.693,7.803,7.48,8.437
33908,18.242,27.88,7.634,69.599,8.918,1.318,2.793,6.849,9.626,28.326,25.25,40.905,24.081,41.145
34069,18.112,28.108,6.893,69.319,5.813,5.807,9.28,8.918,8.84,13.916,38.212,38.128,39.571,40.736
34236,18.82,24.065,6.563,78.496,37.272,38.344,39.374,41.123,36.369,38.731,38.9,41.17,41.938,36.336
34383,17.606,18.915,8.096,63.009,37.911,38.989,41.04,41.67,42.727,38.179,1.176,1.201,1.803,1.309
34551,17.519,28.331,8.227,74.456,10.117,12.107,9.889,8.319,7.912,8.072,3.618,36.291,41.91,37.352
34718,17.502,26.549,6.93,77.1,8.889,8.285,1.895,38.48,39.424,43.449,39.424,41.401,42.487,42.598
34879,17.378,31.983,7.533,64.789,10.607,7.876,7.892,9.657,8.97,3.211,5.529,6.011,7.678,5.869
35037,18.457,29.4,7.502,63.786,2.743,0.916,1.016,0.988,1.33,1.326,1.347,1.318,1.257,1.289
35184,17.397,17.976,7.15,65.412,1.074,1.266,2.873,1.341,1.238,1.439,1.747,1.988,1.342,1.306
35338,17.372,19.075,7.043,72.015,1.033,2.315,1.28,1.277,1.303,1.301,2.104,1.905,1.315,1.327
35502,17.423,19.143,9.439,78.6,16.503,1.288,1.447,1.695,2.867,2.594,1.313,2.352,1.31,1.338
35653,17.44,18.36,6.918,69.689,11.866,1.331,1.326,1.357,1.814,1.272,1.29,1.322,2.556,1.309
35814,17.406,26.848,7.385,69.57300000000001,5.122,7.22,7.05,17.113,40.501,41.612,36.268,38.096,41.32,36.366
35974,19.16,22.815,6.826,72.793,0.972,1.204,1.299,1.285,1.572,1.312,1.277,1.27,1.181,1.304
36150,17.426,20.167,8.896,90.03,1.011,3.969,2.429,2.057,1.637,1.797,1.268,1.171,1.294,1.409
36312,17.382,18.832,10.131,76.633,0.976,2.932,1.918,1.267,1.263,1.305,1.276,1.268,1.595,1.379
36465,17.498,19.0,7.882,70.036,9.343,1.274,1.305,1.277,1.37,1.801,2.218,1.307,1.316,1.33
36616,17.421,22.207,9.475,62.799,0.973,1.305,1.262,1.165,1.285,1.26,1.614,1.264,1.356,1.296
36767,17.449,18.406,12.73,63.155,1.017,1.306,156.448,1.519,1.956,1.93,2.527,2.78,3.901,1.74
36921,17.398,19.651,7.621,69.971,37.598,39.051,39.119,40.004,40.693,36.97,37.505,40.84,40.588,42.901
37088,17.452,36.667,7.543,66.745,6.15,6.413,8.142,7.759,8.617,5.062,3.274,8.663,10.456,9.709
37249,17.472,28.563,6.781,69.235,7.861,8.896,8.128,6.996,7.391,8.149,42.167,38.614,38.66,36.686
37422,17.433,42.155,7.162,66.871,3.177,1.279,1.273,1.294,6.409,9.134,10.437,5.149,6.287,6.533
37586,18.707,30.256,11.633,64.332,1.012,1.309,1.25,1.335,1.295,1.307,1.319,1.264,1.344,1.351
37749,17.509,17.781,6.697,81.795,1.019,1.283,1.269,1.295,1.289,1.266,1.277,1.31,1.272,1.291
37909,17.356,17.699,9.628,76.226,3.784,1.309,1.49,1.29,1.307,1.286,1.318,1.279,1.329,1.34
38056,17.37,17.866,8.323,64.434,2.966,1.324,1.256,1.313,1.28,1.308,2.139,1.272,1.3,1.314
38215,17.398,18.394,8.36,75.94200000000001,0.986,1.285,1.301,2.2,1.899,1.528,1.893,1.57,1.305,1.3
38376,17.471,26.902,7.737,70.457,8.053,7.878,5.063,40.069,41.656,36.87,38.886,39.586,36.335,38.293
38551,17.37,32.059,9.887,76.318,3.71,9.117,7.998,4.339,6.014,6.045,7.309,7.459,7.96,71.554
38716,17.424,33.262,8.324,66.81,10.806,7.506,4.743,5.235,5.83,5.763,5.32,6.925,7.88,7.995
38899,30.874,34.119,7.472,72.09,2.14,1.333,1.426,1.253,1.343,1.28,1.256,1.299,1.322,1.623
39047,17.517,17.789,8.371,64.437,1.082,1.317,1.354,1.65,1.357,1.319,1.308,1.317,1.349,1.338
39212,17.343,26.235,11.034,71.282,2.049,1.295,2.65,1.326,1.99,1.271,1.288,2.463,1.281,2.615
39373,17.349,19.656,7.251,77.706,0.99,1.485,1.292,1.344,1.289,2.089,1.293,1.318,1.287,1.446
39521,17.429,18.726,8.06,65.137,1.077,1.318,1.311,1.246,1.3,2.149,1.287,1.253,1.278,1.729
39689,17.416,28.797,6.789,76.404,6.221,6.467,7.577,7.665,7.914,1.828,37.325,38.461,44.068,49.45
39862,17.483,33.87,10.842,69.87,5.768,6.972,7.301,7.015,11.283,8.079,5.346,8.653,5.254,-1
40046,33.789,35.38,10.167,65.507,0.972,1.334,1.285,1.232,1.292,1.38,1.383,1.307,1.313,1.286
40201,17.395,18.339,8.377,71.622,0.99,1.307,1.328,105.215,1.286,1.26,1.322,1.274,1.348,1.292
40364,17.334,18.536,12.907,75.107,1.073,1.327,1.31,1.27,1.302,1.423,1.893,1.32,68.388,1.273
40520,17.391,19.226,7.87,72.803,1.088,1.331,2.215,1.927,1.739,4.934,2.719,1.61,2.268,3.685
40675,17.443,22.228,7.487,68.939,0.979,1.321,1.31,1.31,1.286,1.277,1.289,1.352,1.304,1.287
40839,17.315,17.777,10.3,78.777,0.969,1.29,1.474,1.284,1.247,2.142,1.508,1.284,1.196,1.151
40996,17.41,18.567,7.557,74.628,1.008,1.236,1.294,2.389,1.269,2.99,1.512,1.508,1.92,1.297
41150,18.328,18.664,7.718,70.361,1.043,2.763,1.324,1.339,1.269,1.317,1.306,1.31,1.262,1.283
41302,17.588,18.702,7.566,69.43299999999999,0.994,1.173,1.283,1.598,1.481,1.303,1.318,1.589,1.437,1.291
41454,17.704,17.895,7.608,69.721,42.3,41.992,38.997,40.018,36.508,36.194,1.495,1.755,1.293,1.15
41629,19.288,44.562,6.681,63.336,1.017,1.811,1.323,1.302,1.365,1.315,1.343,1.252,1.291,-1
41775,17.603,17.729,6.795,65.145,1.683,2.629,1.246,1.246,1.238,1.261,1.253,1.254,1.267,1.274
41928,17.335,18.068,6.752,71.417,0.997,2.656,1.358,1.252,1.402,13.716,1.241,1.228,1.133,1.172
42077,17.389,19.363,9.385,64.2,0.998,1.915,2.647,1.866,2.793,1.922,1.204,1.54,1.247,1.245
42225,17.475,18.803,9.608,62.948,0.96,3.381,1.476,1.448,1.311,1.154,2.253,2.069,1.309,1.489
42377,17.417,18.676,8.8,67.417,38.437,39.754,41.894,37.673,41.411,38.81,1.232,1.222,1.767,1.25
42541,17.889,24.185,7.394,73.98,0.981,1.246,1.284,1.284,1.342,1.243,1.267,1.264,1.262,-1
42693,17.392,18.529,8.374,68.319,5.955,1.231,1.483,1.249,1.219,2.029,1.254,1.132,1.22,1.233
42853,17.414,18.929,11.875,70.633,0.967,1.782,1.27,13.904,1.484,1.225,3.126,1.225,1.494,-1
43006,17.541,19.178,7.636,69.922,1.022,1.221,1.244,1.24,1.276,1.129,1.203,1.172,1.254,1.244
43195,17.474,18.723,13.187,100.56,19.177,1.755,1.248,1.205,1.231,1.763,1.236,1.238,1.224,1.867
43365,17.419,18.663,12.913,79.828,0.98,1.237,1.215,1.272,1.22,1.212,1.208,1.215,1.621,-1
43536,17.393,19.88,7.76,87.491,0.984,1.843,1.272,1.237,5.049,1.228,1.268,1.246,1.233,1.253
43694,17.388,18.494,6.886,75.55199999999999,2.845,1.21,1.233,2.992,2.913,1.77,0.938,0.944,1.646,1.267
43856,18.501,29.365,6.85,68.366,0.999,1.29,1.149,2.563,1.259,1.234,1.234,1.282,1.119,1.444
44011,17.36,18.494,7.706,70.964,0.917,3.957,1.532,1.281,1.244,3.863,1.263,1.691,1.269,-1
44176,17.39,19.279,10.278,78.729,1.164,1.236,1.248,1.213,1.274,1.24,1.234,1.279,1.223,2.267
44330,17.378,18.372,9.085,69.771,157.961,39.304,42.324,40.718,35.592,38.127,38.423,38.882,41.472,1.268
44482,17.601,17.849,9.411,68.618,0.978,1.483,1.283,1.265,1.201,1.186,1.275,1.289,1.248,1.295
44639,17.391,18.72,6.785,74.672,1.324,1.492,1.252,1.24,1.225,3.019,1.281,1.035,1.244,1.728
44808,17.429,19.131,13.924,80.179,3.359,1.271,1.742,1.248,1.402,1.242,1.908,1.608,1.726,2.266
44961,17.446,18.833,12.728,64.425,2.585,1.295,1.499,1.305,1.325,1.291,1.261,1.379,1.919,1.83
45122,17.624,19.291,7.804,77.151,1.006,1.234,1.276,1.295,1.209,1.249,1.248,1.259,1.225,1.131
45275,17.542,18.682,9.011,69.431,0.976,1.218,1.292,1.248,1.143,1.268,1.24,1.239,4.067,1.587
45422,17.422,19.866,6.909,63.28,37.25,1.161,2.166,1.287,1.251,1.945,1.247,1.09,1.231,1.272
45588,17.806,39.385,6.814,63.441,9.781,9.138,8.262,8.997,7.8,5.112,5.813,5.292,7.175,8.333
45773,17.346,41.08,11.048,76.084,0.999,1.071,1.158,23.141,7.82,8.661,8.902,9.596,5.276,7.874
45939,17.368,17.848,6.694,82.595,2.635,1.65,1.202,1.274,1.271,1.24,1.297,1.935,1.239,-1
46117,17.441,18.253,7.849,95.50200000000001,0.951,1.19,1.266,1.251,1.766,1.241,1.23,1.234,1.238,1.604
46266,17.384,19.566,6.641,66.623,1.007,1.247,1.273,1.229,1.242,1.232,1.232,1.232,2.126,1.401
46418,17.487,18.334,6.642,70.632,0.944,1.26,2.292,1.216,1.194,1.234,1.238,1.585,1.226,1.237
46578,17.333,18.195,7.488,77.9,44.781,1.851,1.326,1.319,1.61,1.381,1.273,1.313,1.279,1.301
46738,17.55,17.788,9.339,76.848,3.093,1.326,1.277,1.346,1.315,1.441,1.338,1.337,1.311,1.385
46887,17.441,18.311,7.739,66.0,2.65,1.653,1.283,1.301,1.241,1.533,1.294,1.303,1.87,1.399
47061,17.461,21.043,13.516,82.658,1.249,1.527,1.263,1.29,2.031,1.345,1.301,1.302,1.285,1.321
47216,17.409,18.134,15.14,65.909,1.024,1.282,1.277,1.361,1.291,1.291,1.346,1.642,1.283,1.65
47379,17.852,21.582,9.516,74.522,1.057,1.376,1.269,1.276,1.27,1.31,1.33,1.183,1.315,1.297
47536,17.404,18.344,12.007,70.434,1.016,1.357,1.253,3.141,1.312,1.305,1.291,1.679,1.176,1.221
47692,17.439,18.359,10.929,69.83500000000001,1.347,5.447,1.648,1.288,1.517,1.923,2.29,1.3,1.708,1.495
47851,17.459,20.732,11.401,70.69200000000001,41.669,41.496,41.84,37.053,38.675,1.286,2.242,1.27,1.286,1.26
48030,17.425,35.781,14.792,72.286,6.866,8.567,4.732,6.34,5.489,6.125,7.073,8.067,8.076,8.262
48195,18.279,23.516,10.379,73.994,3.298,1.324,1.34,1.289,1.272,1.232,1.331,1.322,1.264,1.33
48368,17.462,18.264,7.544,90.277,2.596,1.473,1.337,1.359,2.178,1.495,1.326,2.304,1.815,1.269
48535,17.375,18.626,6.802,85.447,1.02,1.288,1.626,1.256,1.659,1.27,1.155,1.31,1.444,1.282
48712,17.62,22.604,7.18,90.082,1.117,1.464,1.392,1.292,1.252,2.183,1.413,1.252,1.123,1.509
48864,17.706,18.404,10.31,67.221,2.715,1.3,1.569,1.605,1.302,1.326,1.236,1.296,1.311,1.216
49037,17.493,32.221,14.337,69.236,5.095,7.399,6.502,7.908,9.091,7.913,1.21,4.947,7.533,8.542
49228,17.526,35.709,6.808,90.613,11.469,8.799,9.129,8.256,9.861,9.33,3.884,4.419,7.147,-1
49412,33.584,34.868,6.558,69.816,1.04,3.085,1.302,1.353,1.323,1.316,1.509,1.334,1.383,6.255
49571,17.372,18.579,7.937,75.283,1.027,1.532,1.297,1.324,1.436,1.202,1.281,1.301,1.329,1.442
49739,17.358,18.042,12.367,81.636,5.335,1.302,1.313,1.296,1.287,1.289,1.286,1.271,1.276,1.264
49949,17.613,40.695,8.568,103.89699999999999,0.972,1.232,1.186,3.73,4.327,5.055,6.459,6.889,7.371,6.722
50116,17.523,17.729,7.338,85.61,0.979,1.306,1.335,1.123,1.339,1.342,1.515,1.37,1.304,1.332
50313,17.365,20.822,15.024,104.259,0.978,1.344,1.272,1.295,1.276,1.284,1.283,1.729,1.292,1.295
50463,17.4,18.461,6.767,69.06,5.356,1.321,1.233,1.292,1.627,1.309,1.682,13.535,1.303,1.284
50643,17.394,44.219,7.541,71.812,1.027,1.314,1.322,1.32,1.308,1.284,6.951,7.686,4.92,8.51
50793,17.351,18.6,7.506,67.575,0.953,1.373,1.531,1.291,1.303,1.274,1.316,3.197,1.291,1.292
50972,17.38,21.599,12.832,87.443,1.027,3.305,2.302,1.3,1.314,2.444,1.425,1.309,1.323,2.315
51162,17.448,35.558,13.043,85.331,64.039,7.702,8.388,9.095,4.599,4.33,2.598,39.539,39.878,42.055
51375,22.704,31.469,6.791,112.689,1.125,3.076,1.311,1.317,1.312,1.235,1.181,1.28,1.259,1.099
51539,17.35,17.745,7.5,82.47,1.233,1.338,1.299,1.288,1.4,1.402,1.292,1.313,1.315,1.265
51729,17.366,18.487,6.942,106.053,1.001,1.326,1.676,1.497,1.968,1.485,1.3,2.087,1.65,-1
51912,17.363,18.599,8.435,99.862,1.922,1.492,1.282,1.287,1.303,1.464,1.956,1.315,1.309,1.31
52076,17.39,18.669,11.219,77.813,3.455,1.186,1.25,1.298,1.284,1.31,2.267,1.311,1.305,1.292
52247,17.423,30.126,7.451,77.358,9.974,5.096,5.919,7.006,8.038,8.129,7.854,4.792,26.17,38.715
52405,17.453,17.744,7.65,75.966,1.028,1.535,1.31,1.31,1.277,1.301,1.347,1.33,1.481,1.335
52553,17.41,18.164,7.439,65.386,1.128,1.26,2.272,2.468,1.374,1.281,1.369,1.31,1.278,1.268
52706,17.498,18.079,8.274,70.764,1.946,1.292,1.286,1.5,1.262,1.315,1.318,1.283,1.296,2.021
52887,17.435,26.125,7.773,90.408,6.758,5.287,1.367,37.005,37.865,38.987,40.659,41.103,37.368,40.205
53065,17.65,42.024,9.108,69.607,1.056,1.303,1.297,1.322,1.25,7.7,5.328,4.935,6.217,5.134
53217,17.466,18.007,7.486,70.34,0.992,1.353,1.138,1.591,1.306,2.893,2.452,2.293,1.265,1.287
53399,17.448,18.38,6.992,100.52799999999999,0.99,1.304,1.73,1.31,1.301,1.159,1.169,1.605,1.569,1.968
53617,17.454,18.614,10.219,132.542,0.998,1.304,2.331,1.7,1.554,1.364,1.14,1.454,0.964,1.793
53842,17.474,18.701,8.0,141.751,1.023,1.316,1.359,1.415,1.299,1.658,1.617,1.3,1.276,3.683
54025,17.478,18.31,19.188,86.572,1.385,1.184,1.298,1.168,1.193,1.236,1.185,1.357,1.267,-1
54182,17.655,17.786,10.471,71.974,1.103,1.295,1.331,1.28,1.495,4.362,1.317,1.524,1.318,1.344
54355,17.598,19.724,8.606,88.173,1.887,1.273,1.189,1.569,1.322,1.697,1.597,1.38,1.298,1.261
54520,17.376,18.341,18.556,71.803,2.793,1.271,1.274,1.276,1.244,1.263,3.523,1.389,1.297,1.236
54700,17.54,25.532,16.032,81.959,7.476,24.769,37.498,43.131,38.789,39.568,40.877,42.927,37.655,38.587
54863,18.205,30.154,8.378,67.563,6.496,9.409,8.397,8.244,8.292,4.653,6.762,1.255,34.821,40.823
55013,17.959,18.828,7.971,66.218,1.395,1.315,1.517,2.044,1.296,1.318,1.25,1.308,2.611,1.933
55167,17.446,23.564,8.065,65.229,1.281,1.286,1.427,1.33,1.573,2.88,1.325,1.308,1.304,1.269
55325,17.556,18.528,12.994,70.197,1.003,3.882,1.256,1.269,1.288,1.295,1.286,1.361,1.281,1.248
55507,33.663,35.061,7.996,65.866,1.035,1.44,1.312,1.324,1.344,1.258,1.31,1.346,0.984,1.026
55656,17.395,17.928,7.682,67.55799999999999,2.734,1.813,1.165,1.315,2.053,2.295,1.286,1.339,1.324,1.297
55813,17.392,18.249,6.792,75.635,1.027,1.32,1.284,1.282,1.239,1.299,2.108,1.958,1.806,1.884
55982,17.356,32.44,11.056,68.592,5.988,6.346,6.634,8.331,8.748,9.675,9.296,8.713,6.36,6.108
56177,30.751,33.708,14.211,77.95,1.022,1.346,1.311,1.298,1.305,1.42,1.286,1.304,1.33,1.309
56344,17.357,17.74,7.735,84.64099999999999,0.989,1.333,1.31,1.344,1.316,1.344,1.317,1.055,1.407,1.209
56494,17.39,19.071,9.656,65.065,1.01,2.109,1.228,1.318,1.33,1.284,1.805,1.317,1.271,1.893
56669,17.365,18.917,15.05,84.413,1.0,1.407,3.171,1.283,1.261,2.199,2.914,1.325,1.293,1.585
56823,18.525,18.533,8.235,70.103,1.025,1.179,1.319,1.292,1.418,2.693,1.531,2.215,1.321,1.33
56977,17.475,17.943,12.679,66.239,1.021,1.3,12.01,1.328,1.34,1.345,1.196,1.294,1.383,1.308
57138,17.473,19.325,7.931,77.733,1.062,1.272,1.447,1.293,1.283,2.345,1.317,1.69,1.313,176.46
57314,17.415,24.566,12.721,82.191,0.977,2.102,1.291,1.663,2.096,1.293,1.432,1.265,1.286,1.514
57541,19.841,43.368,32.011,90.785,12.695,1.306,1.296,1.362,1.287,1.3,1.292,1.317,-1,-1
57741,17.43,30.362,11.063,101.60300000000001,7.329,6.344,6.14,7.01,6.0,25.306,37.835,43.459,40.276,42.065
57913,17.431,28.562,6.948,80.65299999999999,4.115,6.631,4.058,4.449,6.197,1.3,30.517,29.477,25.267,36.301
58099,18.034,22.227,10.788,94.977,1.015,1.22,1.253,1.341,1.289,1.195,1.289,1.258,1.32,1.33
58260,17.387,18.257,8.301,76.937,3.649,1.316,1.27,1.57,1.706,1.85,1.283,1.343,1.361,-1
58449,17.349,17.973,16.442,97.47399999999999,1.08,1.946,1.304,1.582,1.332,1.32,1.4,1.304,1.347,1.318
58666,17.469,18.238,10.957,131.319,66.241,40.596,1.321,1.318,1.304,1.312,1.332,1.321,1.278,1.338
58859,17.393,21.814,8.963,106.245,36.952,37.683,39.338,40.38,41.911,36.66,37.86,41.055,1.293,1.199
59015,17.396,28.167,6.625,64.876,9.373,8.524,4.453,4.027,5.378,28.574,39.491,41.074,40.863,41.497
59174,17.339,17.6,11.377,73.472,4.458,1.286,1.275,2.467,1.306,1.323,1.409,1.257,1.505,1.487
59322,17.395,23.004,6.801,-1.0,40.215,36.662,37.895,38.766,38.654,42.295,36.144,38.767,39.53,39.308
59322,17.408,18.169,6.801,66.789,1.321,2.842,1.298,1.305,1.279,1.241,1.144,1.311,0.898,1.294
62240,,-1.0,,,0.893,1.314,1.478,1.242,1.205,1.26,1.274,2.318,1.249,1.232
62488,22.513,17.76,-1.0,72.51,3.049,1.228,1.21,1.251,1.246,1.058,1.242,1.246,1.238,-1
62576,20.537,18.244,-1.0,72.51,2.195,1.201,1.287,1.256,1.218,1.233,1.235,1.165,1.255,1.241
62710,21.623,17.529,7.492,-1.0,0.956,1.241,1.229,1.282,1.194,1.26,1.291,1.553,1.25,1.287
62862,17.98,25.238,18.402,-1.0,0.961,1.262,1.199,1.135,1.219,1.155,1.259,1.25,1.239,1.28
62875,17.98,25.238,18.402,-1.0,0.968,1.511,-1,-1,-1,-1,-1,-1,-1,-1
63070,17.983,23.571,10.729,104.267,1.026,3.498,1.282,1.25,1.153,1.261,1.26,1.264,1.262,1.29
63222,17.48,17.753,12.025,65.777,4.654,2.047,1.25,1.238,1.236,1.214,1.225,1.232,1.264,1.22
63382,18.086,18.477,7.623,76.041,0.955,1.2,1.303,1.286,1.867,1.155,1.122,1.174,1.216,2.028
63537,17.764,18.881,8.405,69.05199999999999,0.961,1.246,1.227,1.249,1.206,1.204,1.929,1.257,1.252,-1
63694,17.52,17.697,11.467,71.16499999999999,0.962,1.256,1.293,1.591,1.682,1.27,1.282,1.261,1.281,1.242
63845,17.625,19.063,7.49,68.736,1.995,1.192,1.541,1.206,1.205,1.255,1.201,1.218,1.222,1.222
64008,18.656,18.846,9.159,76.411,2.04,1.227,1.216,2.553,1.748,1.238,1.333,1.269,1.255,1.208
64173,18.493,30.64,9.162,68.042,13.071,7.342,7.766,7.968,4.701,6.73,5.113,6.597,9.54,8.907
64354,18.371,37.088,13.508,71.174,2.661,1.165,10.587,6.648,11.754,1.608,6.022,5.451,6.718,-1
64515,18.34,32.52,7.007,63.795,6.132,7.094,7.084,6.608,7.548,7.025,6.833,9.235,6.709,8.623
64677,19.878,24.017,12.595,66.918,1.155,1.166,1.172,1.12,1.157,1.352,1.914,1.129,1.383,1.348
64832,18.203,18.379,10.017,69.191,3.154,1.201,1.179,1.194,1.559,1.281,1.243,1.425,1.22,1.241
64981,18.776,21.249,6.94,63.165,2.176,1.573,1.101,2.668,2.042,1.179,1.231,1.201,1.893,1.22
65160,18.375,32.45,6.769,82.639,3.573,3.676,6.805,12.488,8.276,4.395,6.133,8.097,9.163,2.943
65339,18.955,37.438,12.249,70.83500000000001,6.739,7.316,4.098,5.919,6.289,6.891,7.747,1.313,9.392,8.349
65521,21.341,41.159,10.27,69.873,1.974,1.208,1.227,1.239,1.219,1.271,1.196,6.624,5.781,5.921
65691,18.085,29.054,7.264,76.776,0.979,1.29,1.446,1.267,1.321,1.827,1.294,1.243,1.588,1.261
65851,17.548,17.71,7.355,78.727,1.029,1.269,1.238,1.223,4.23,2.347,1.228,1.411,1.256,1.271
66006,17.593,18.038,7.417,72.307,0.907,1.19,1.244,6.823,2.073,9.159,1.139,1.202,1.197,1.523
66164,18.128,19.045,8.461,73.959,0.902,1.368,1.218,1.274,2.602,2.162,2.162,2.065,2.222,2.028
66327,17.666,18.954,9.455,77.43299999999999,1.297,1.148,1.233,1.445,1.523,1.407,1.261,2.913,1.366,1.44
66487,17.874,18.939,7.964,76.185,1.185,1.191,1.135,1.548,1.373,2.667,1.234,1.18,1.963,1.143
66647,18.581,18.756,7.554,76.072,2.508,1.591,1.7,1.225,1.21,1.448,2.138,1.232,1.103,1.212
66800,18.021,19.103,6.699,70.765,47.285,38.586,39.245,35.407,38.017,36.127,42.4,38.295,39.826,2.365
66964,18.358,31.763,8.424,65.717,6.736,8.624,9.115,8.507,9.632,5.781,6.668,6.409,7.834,7.795
67132,18.193,28.043,10.49,72.724,0.966,1.13,1.248,1.291,1.446,1.226,1.241,1.212,1.289,1.25
67281,17.433,17.697,7.909,66.728,0.961,1.559,1.254,1.218,2.654,1.257,2.092,0.936,1.214,1.321
67433,17.816,18.864,9.483,64.43,0.929,1.233,1.306,1.228,1.245,1.235,3.123,1.279,1.155,-1
67587,18.933,18.224,8.402,70.012,1.902,1.571,1.565,1.238,1.581,1.247,1.231,1.222,1.169,1.46
67749,18.309,27.448,7.648,69.674,4.174,5.049,5.377,6.735,29.372,42.439,43.602,39.153,40.243,40.794
67913,18.13,37.19,6.653,63.079,8.06,8.716,8.614,8.258,14.039,4.456,7.543,6.187,7.652,7.495
68063,17.585,17.702,7.588,68.051,0.976,1.295,1.196,1.232,1.255,1.287,1.317,1.273,1.28,1.304
68213,17.567,18.132,8.997,66.18,1.935,1.24,1.605,1.225,3.205,1.217,1.26,1.203,1.291,1.268
68388,18.135,22.379,6.92,86.248,41.073,41.117,36.591,39.109,38.868,40.595,43.821,36.932,39.128,-1
68569,27.994,31.997,6.699,75.343,0.986,1.247,1.239,1.234,1.339,1.245,1.23,1.249,1.227,1.249
68739,19.476,17.843,12.268,79.752,1.018,1.596,1.308,1.266,1.271,1.283,2.507,1.314,1.259,-1
68896,18.892,17.763,7.754,72.761,2.392,1.242,1.24,1.246,1.256,1.316,1.296,1.166,1.318,1.242
69052,18.21,19.655,6.719,70.745,0.975,1.198,2.07,1.21,1.225,1.383,1.697,1.236,2.103,-1
69201,18.431,20.685,6.892,63.557,1.844,1.209,1.866,1.242,1.357,2.289,1.216,1.408,1.508,1.521
69357,18.457,19.171,9.675,70.284,3.181,1.25,1.244,1.567,1.518,1.265,1.247,1.553,1.218,1.778
69506,17.506,18.694,6.797,66.566,42.252,38.41,40.269,40.191,35.721,42.264,37.953,39.045,1.269,1.265
69666,21.165,30.082,6.803,63.28,1.05,1.243,1.225,1.508,1.152,1.231,1.271,1.194,1.221,1.268
69822,17.999,18.434,15.256,65.553,0.959,2.409,2.015,1.382,1.219,2.137,1.366,1.517,1.249,2.09
69972,17.65,18.899,7.448,67.111,1.138,2.856,1.248,1.226,1.251,1.489,1.233,1.272,1.243,1.247
70130,18.463,20.919,12.439,66.478,1.14,1.405,1.26,1.618,1.267,1.765,1.236,1.277,1.247,1.223
70285,18.677,18.462,7.815,71.526,41.326,38.145,39.566,37.02,37.639,41.189,44.189,40.023,39.954,1.262
70474,31.475,36.732,10.844,70.69,163.152,1.23,1.144,1.216,1.23,1.311,1.219,1.223,1.226,1.244
70631,19.074,21.26,9.696,68.028,0.926,1.251,1.149,1.298,1.284,1.226,1.251,1.243,1.236,1.285
70780,17.499,17.924,8.385,65.636,1.935,1.277,1.72,1.243,1.226,1.089,1.254,1.249,1.231,1.203
70933,17.532,19.225,7.523,70.318,1.589,1.245,1.243,1.221,1.23,1.228,1.264,2.406,2.067,1.577
71088,18.76,19.432,8.596,68.504,0.935,1.15,1.244,1.467,1.734,1.738,2.663,1.254,1.263,2.109
71236,17.917,18.705,9.048,63.729,2.557,1.369,1.278,1.47,2.516,1.154,1.259,14.449,1.149,1.249
71398,17.979,18.866,9.678,76.42699999999999,43.894,39.244,40.614,41.23,41.723,40.064,1.224,1.244,1.209,1.176
71568,18.691,30.666,9.377,70.071,6.022,7.425,6.487,7.333,5.439,7.975,7.864,6.545,8.973,-1
71741,17.799,31.928,8.607,76.01,5.598,8.203,7.905,9.161,5.309,12.248,6.723,6.005,11.611,8.203
71914,24.338,31.844,10.685,64.644,4.484,1.242,1.273,1.312,1.267,1.219,1.281,1.276,1.249,-1
72074,17.928,19.136,6.837,77.307,0.946,1.268,1.806,1.226,1.255,1.213,1.229,1.376,1.297,1.278
72229,18.227,18.992,12.007,66.725,1.756,1.208,1.249,1.251,1.273,1.529,1.229,4.574,2.058,1.231
72377,17.925,19.853,7.736,63.761,2.708,1.213,1.734,1.225,1.194,2.325,1.233,1.238,1.207,3.896
72539,18.324,18.488,8.715,77.072,0.978,1.586,1.197,1.236,1.251,1.787,1.916,1.297,1.242,1.485
72696,17.87,18.358,12.221,69.41,47.504,42.527,38.094,40.045,41.648,35.076,1.286,1.224,1.231,1.508
72853,19.789,25.765,6.752,65.604,0.938,1.276,1.24,1.289,1.201,1.289,1.263,1.425,1.261,1.272
73012,17.705,23.756,7.534,71.602,0.973,1.436,1.231,1.244,1.241,1.218,1.252,1.215,1.553,1.227
73165,17.72,19.496,9.799,66.585,82.831,1.296,2.054,2.574,1.368,2.076,1.235,1.23,2.014,1.552
73324,19.56,20.278,8.643,71.742,1.055,2.168,1.44,1.741,1.29,2.514,1.198,1.362,1.318,2.498
73477,18.472,18.764,7.648,69.232,1.034,1.236,1.954,1.123,1.236,1.805,1.244,1.676,1.222,1.203
73629,18.463,20.818,10.053,63.674,40.154,41.151,42.484,38.108,39.522,40.194,35.974,42.483,37.765,38.854
73795,17.451,38.411,7.244,63.033,8.003,6.604,6.383,6.572,7.53,8.1,9.408,9.141,4.758,3.124
73996,17.785,18.025,7.893,116.208,1.966,1.066,1.762,1.42,1.801,2.056,1.243,1.24,1.147,-1
74158,17.869,18.095,6.765,79.072,1.176,2.171,1.204,1.249,1.087,1.235,1.231,1.233,1.257,-1
74319,17.972,22.754,13.411,67.945,2.314,1.245,1.447,1.123,2.118,2.554,1.209,1.243,2.086,1.244
74468,18.049,19.083,6.68,65.644,6.912,2.21,1.872,1.257,1.45,2.085,1.223,2.054,1.919,1.474
74621,17.998,18.653,7.612,69.951,38.929,42.602,37.746,40.225,1.714,1.941,1.268,1.336,1.253,1.234
74819,18.166,29.323,8.134,103.384,0.99,1.179,1.306,1.303,1.28,1.267,1.874,1.236,1.277,1.283
74971,17.889,17.771,11.156,65.923,2.151,1.263,1.286,1.272,1.247,1.267,1.278,1.226,1.241,1.231
75123,18.011,18.218,7.509,69.474,1.452,1.435,1.246,1.253,1.242,1.246,1.94,1.254,1.27,1.241
75295,17.739,36.661,7.346,71.394,8.456,4.655,7.344,7.434,2.179,8.667,8.543,6.751,8.276,9.951
75445,17.523,17.799,6.566,66.52,0.99,1.17,1.257,1.245,1.233,1.287,1.269,1.268,1.283,-1
75608,18.832,18.096,9.354,75.686,0.926,1.692,1.22,1.222,1.234,1.16,1.233,1.76,1.164,-1
75797,17.892,21.744,7.354,100.662,1.017,1.249,1.214,1.231,1.441,1.202,2.286,1.242,1.216,-1
75966,17.619,18.643,7.907,83.929,2.427,1.245,1.168,1.121,1.246,0.923,2.964,1.495,1.133,-1
76122,17.623,18.796,9.525,69.132,0.943,1.248,1.243,1.229,2.217,2.308,1.232,1.186,2.03,-1
76276,18.862,24.328,6.709,63.554,5.431,8.713,36.923,38.238,40.119,41.587,42.312,40.678,43.1,-1
76480,31.949,36.697,7.532,89.063,1.012,1.254,1.275,1.262,1.289,1.229,0.941,1.024,0.934,1.276
76644,19.278,26.977,11.711,66.09,1.027,1.282,1.27,1.272,1.275,1.263,1.303,1.179,1.23,1.248
76802,17.877,17.762,8.25,73.17699999999999,1.79,2.069,1.24,1.233,1.863,1.109,1.194,1.39,1.254,-1
76961,17.884,19.268,7.114,73.726,1.011,1.21,2.383,1.226,1.846,1.233,1.249,1.993,1.299,-1
77118,18.178,18.65,7.85,71.44200000000001,2.947,1.262,1.414,1.253,1.243,1.218,4.058,1.267,1.262,-1
77281,17.954,19.569,8.285,78.54599999999999,1.737,2.299,1.355,1.659,1.566,2.103,1.484,1.686,1.247,1.246
77465,17.826,26.546,11.95,88.15899999999999,2.049,5.245,1.298,25.164,37.317,30.649,40.81,28.739,28.251,38.645
77650,17.766,39.569,12.811,75.825,0.977,4.587,6.964,7.829,6.948,8.674,9.628,4.062,4.464,4.815
77802,17.645,17.791,8.616,69.235,0.999,1.413,1.263,1.247,1.284,1.257,1.261,2.482,1.29,1.278
77960,17.698,18.355,11.25,71.788,0.937,1.242,1.259,1.28,1.229,1.336,1.229,1.189,1.238,1.219
78116,17.671,18.953,10.486,69.566,2.451,1.277,1.242,1.217,1.248,1.234,1.798,0.96,1.033,1.407
78270,18.563,21.305,8.098,67.541,1.01,1.473,1.265,1.275,1.27,1.276,1.253,1.276,1.226,1.308
78421,17.982,19.305,6.826,67.242,1.177,1.278,1.225,1.515,1.276,1.255,1.534,1.22,1.26,1.374
78618,17.603,31.553,8.898,99.962,5.451,6.791,6.88,6.0,7.097,7.511,5.84,7.788,4.308,4.791
78794,17.7,18.205,6.727,94.43,0.937,1.262,1.249,1.283,1.266,1.245,1.259,1.257,1.378,1.245
78957,17.459,18.27,7.929,80.22,0.949,2.658,1.217,1.232,1.231,1.259,1.573,1.21,1.252,1.257
79158,18.123,18.513,7.443,118.218,3.064,1.256,1.23,1.223,1.229,1.196,1.271,1.343,1.587,1.235
79320,18.216,18.715,9.746,75.643,6.003,1.229,1.214,1.236,1.23,1.052,1.235,2.294,1.365,1.277
79487,22.378,31.187,6.864,65.52,5.37,1.242,6.512,7.778,7.494,10.177,10.578,8.728,9.312,-1
79652,17.878,20.901,7.44,78.349,0.968,1.256,1.261,1.25,1.262,1.272,1.257,1.29,1.271,-1
79832,17.489,18.677,8.016,96.392,1.087,1.101,1.227,1.263,1.195,1.223,1.244,1.115,1.255,2.087
79981,18.05,17.932,7.587,66.662,1.795,3.544,1.207,2.52,1.215,1.174,1.243,1.249,1.267,1.237
80134,17.553,19.335,8.199,68.939,2.366,2.005,1.252,1.212,1.259,1.252,1.605,1.255,1.378,1.421
80289,17.602,19.052,9.232,69.729,0.958,1.245,1.544,2.092,1.447,3.871,1.23,1.229,1.217,1.125
80453,18.027,18.622,6.819,82.001,0.959,1.284,2.505,2.364,1.204,1.897,3.498,2.037,1.213,1.219
80635,17.605,21.925,7.855,95.535,37.993,40.187,40.916,42.504,39.481,39.35,40.679,42.12,37.149,40.007
80836,18.064,22.206,10.129,111.283,42.291,42.351,43.945,38.976,40.155,42.042,36.934,40.265,42.607,40.678
81096,18.205,36.962,9.157,156.539,12.209,7.284,7.102,1.25,7.081,8.991,7.515,8.547,8.196,6.478
81309,17.868,19.159,7.654,127.469,2.32,0.915,1.233,1.239,1.237,1.227,1.173,1.253,1.121,-1
81516,18.228,19.19,6.68,123.735,0.952,1.945,1.6,1.544,1.222,1.274,1.392,1.268,1.303,1.214
81718,18.25,18.714,7.718,118.929,0.954,1.247,1.258,1.251,1.248,1.198,1.271,1.25,2.189,1.826
81877,18.134,18.775,9.172,71.381,0.944,1.248,1.225,1.26,1.245,1.265,1.271,1.249,1.241,-1
82034,18.191,18.207,7.117,74.659,1.263,1.144,1.248,1.259,1.231,1.244,1.26,1.307,1.286,1.623
82193,18.695,18.691,9.547,71.071,40.329,36.534,39.228,41.388,1.258,1.344,1.23,2.237,2.362,-1
82364,17.903,34.997,9.196,69.535,10.444,6.328,6.476,1.264,6.007,6.482,6.38,9.114,7.522,1.275
82529,17.378,32.64,10.068,65.882,22.163,6.642,6.985,7.292,9.058,9.014,8.458,7.603,3.653,5.856
82699,18.392,18.393,15.828,78.606,4.926,1.23,1.216,1.224,1.494,1.225,1.233,1.367,1.235,1.267
82853,18.572,19.13,7.493,69.596,12.362,1.446,1.218,1.801,1.797,1.765,1.336,1.269,1.231,2.523
83009,17.869,19.05,9.956,69.869,0.944,1.44,2.188,1.262,1.232,1.22,1.225,1.236,1.263,1.248
83189,19.214,41.699,15.344,64.992,8.045,1.081,1.266,1.274,1.376,5.123,6.27,7.294,8.534,8.098
83357,17.728,17.776,23.486,70.134,1.02,1.622,1.279,1.322,1.302,1.255,1.289,1.25,1.285,1.604
83540,17.719,18.287,12.258,95.157,2.392,1.26,1.68,1.247,1.463,1.24,2.761,1.227,1.243,1.154
83702,17.743,22.261,19.313,63.8,2.075,1.693,1.244,1.256,1.3,1.594,1.218,1.836,1.191,1.239
83882,23.911,31.306,9.301,76.66,3.063,1.284,1.288,1.2,1.267,1.546,1.261,1.265,1.255,1.247
84046,17.501,18.66,10.357,78.69200000000001,0.968,1.635,1.572,1.144,2.972,1.94,1.275,1.252,2.009,1.499
84203,17.64,19.012,16.742,64.786,12.07,1.543,1.975,1.561,1.141,1.255,1.265,1.398,1.233,1.271
84363,17.503,23.319,8.847,71.262,41.88,40.388,1.239,1.254,1.21,1.223,1.214,1.241,1.22,1.241
84530,18.0,23.153,9.805,77.024,1.012,1.536,1.302,1.304,1.228,1.167,1.277,1.278,1.258,1.264
84692,17.722,18.879,8.025,77.715,1.202,1.169,1.468,1.246,1.241,1.243,1.244,1.413,1.241,1.279
84845,17.505,19.432,7.888,69.653,0.934,1.265,1.204,1.256,1.638,2.01,1.231,1.221,1.198,1.806
85021,17.981,29.454,19.675,69.467,6.674,9.219,8.278,4.876,4.681,5.863,7.27,16.891,38.533,40.946
85191,18.037,34.316,13.994,64.813,7.238,4.006,5.873,6.305,8.674,9.054,8.309,8.575,5.246,9.337
85363,18.699,21.957,12.691,77.729,1.037,1.296,1.259,1.267,1.274,1.267,1.272,1.271,1.288,-1
85520,17.626,17.903,8.261,73.841,2.185,1.123,2.136,1.223,1.304,1.248,1.26,1.24,1.201,1.241
85676,18.534,18.752,8.31,72.022,1.02,1.211,1.246,1.228,1.216,1.249,1.224,2.375,1.263,2.499
85833,17.943,19.265,8.284,71.748,2.581,1.457,1.626,1.459,1.462,1.44,1.836,1.266,1.26,1.351
86000,19.228,20.857,17.064,71.012,1.057,1.255,1.361,1.31,1.302,2.971,1.488,1.281,1.258,1.256
86157,17.627,18.725,16.962,64.523,5.24,1.211,1.467,2.646,1.256,1.492,1.402,1.256,1.258,1.249
86321,18.134,19.27,9.999,77.994,0.97,1.226,1.231,1.244,1.25,1.29,1.487,1.043,1.126,1.273
